{"default": {"holdout": 0, "maxroster": 20, "prefix": "-", "name": "Default Name", "teamlist": {}, "rookiescount": "on", "options": "off", "openmarket": "off", "birdrights": "off", "offers": [{"player": 11775, "amount": 15, "years": 2, "team": 20, "option": null, "priority": 1}], "backupOffers": [], "toSign": {}, "threeyearrule": "off", "winning": 0.1, "fame": 0.1, "loyalty": 0.1, "money": 0.1, "fachannel": 0, "tradechannel": 0, "tradeannouncechannel": 0, "tradeback": 0, "tradefa": 0, "traderesigns": "off", "hardcap": 200, "openTrades": [], "draftBoards": {}, "draftPreferences": {}, "draftStatus": {"draftRunning": false, "totalPicks": 0, "totalRounds": 0, "onTheClock": {"tid": 0, "pick": 0, "round": 0}}, "draftclock": "Unset/default (3 minutes per pick)", "draftchannel": 0, "lineupovrlimit": 15, "maxptmod": 5, "maxptlimit": 1.25, "minptlimit": 0.75, "allowzero": 45, "traderesign": 0, "releasechannel": 0, "maxovrrelease": 55, "rfa": false, "rfamultiplier": 1.25}, "1152288376741957653": {"holdout": 0, "maxroster": 20, "prefix": "-", "name": "Illusion's server", "teamlist": {"1020519991512158210": 13, "1012883411796500501": 16}, "rookiescount": "on", "options": "off", "openmarket": "on", "birdrights": "off", "offers": [{"player": 3420, "amount": 1.0, "years": 1, "team": 13, "option": null, "priority": 1, "qo": false, "score": 0.7345123048861295}], "backupOffers": [{"player": 1735, "amount": 2.0, "years": 1, "team": 18, "option": null, "priority": 1, "qo": false, "score": 1.8244265757335654}, {"player": 1735, "amount": 1.5, "years": 1, "team": 13, "option": null, "priority": 1, "qo": false, "score": 1.1971402781526093}], "toSign": {}, "threeyearrule": "off", "winning": 0.1, "fame": 0.1, "loyalty": 0.1, "money": 0.1, "fachannel": "<#1155303561018757161>", "tradechannel": "<#1194838136916807790>", "tradeannouncechannel": 0, "tradeback": 0, "tradefa": 0, "traderesigns": "off", "hardcap": 200, "openTrades": [], "draftBoards": {}, "draftPreferences": {}, "draftStatus": {"draftRunning": false, "totalPicks": 60, "totalRounds": 2, "onTheClock": {"tid": 19, "originalTid": 19, "round": 1, "pick": 1, "season": 2025, "dpid": 79}}, "draftclock": "20,20", "draftchannel": "<#1155303561018757161>", "lineupovrlimit": 15, "maxptmod": 5, "maxptlimit": 1.25, "minptlimit": 0.75, "allowzero": 45, "traderesign": 0, "releasechannel": 0, "maxovrrelease": "54", "rfa": false, "rfamultiplier": 1.25}}